title	href	count
Ведущий программист 1C	https://hh.ru/resume/867988c3000762b7050039ed1f557132677832?hhtmFrom=resume_search_result	2
UX/UI дизайнер, web-дизайнер	https://hh.ru/resume/5cfc865100076156de0039ed1f5a386759704e?hhtmFrom=resume_search_result	2
Специалист технической поддержки,Системный Администратор	https://hh.ru/resume/e211a5da0007ba62590039ed1f757a4d5a5932?hhtmFrom=resume_search_result	1
Арт-директор, дизайнер	https://hh.ru/resume/188d393f00055f88ab0039ed1f646141466f6a?hhtmFrom=resume_search_result	1
Программист-стажер	https://hh.ru/resume/93aea9b6000713cbec0039ed1f655574374956?hhtmFrom=resume_search_result	1
Начальник отдела (Sales, Accounting)	https://hh.ru/resume/54d54df600013b53310039ed1f66676d386954?hhtmFrom=resume_search_result	1
Директор по информационным технологиям	https://hh.ru/resume/808be3f90004022f850039ed1f6877374a4e75?hhtmFrom=resume_search_result	1
Менеджер 	https://hh.ru/resume/e697e13f000589546a0039ed1f58633073694d?hhtmFrom=resume_search_result	1
Тестировщик	https://hh.ru/resume/2c1561b400075d44630039ed1f33455433436e?hhtmFrom=resume_search_result	1
Product owner	https://hh.ru/resume/4c523c190008038e280039ed1f49704d637154?hhtmFrom=resume_search_result	1
Менеджер IT- проектов (project manager)	https://hh.ru/resume/ba1778b100033d4a230039ed1f7634784b704f?hhtmFrom=resume_search_result	1
Специалист технической поддержки	https://hh.ru/resume/60c15977000368401b0039ed1f486131565741?hhtmFrom=resume_search_result	1
UX/UI дизайнер	https://hh.ru/resume/3551f237000404d52b0039ed1f434935663334?hhtmFrom=resume_search_result	1
Технический специалист	https://hh.ru/resume/7679da7b0007da0b7f0039ed1f33424e4d6c6f?hhtmFrom=resume_search_result	1
Product/Business development manager	https://hh.ru/resume/1fdfd5dc000109bf9e0039ed1f584b6236526b?hhtmFrom=resume_search_result	1
Design Director, Art Director, Product Design Lead	https://hh.ru/resume/aad677320005bf91ad0039ed1f756757326f75?hhtmFrom=resume_search_result	1
Тестировщик	https://hh.ru/resume/c5d0bb200007abbf370039ed1f6e3669387166?hhtmFrom=resume_search_result	1
Product/Project Manager	https://hh.ru/resume/216800ab0005d410380039ed1f655762654f37?hhtmFrom=resume_search_result	1
Senior .NET back-end developer	https://hh.ru/resume/a0f8521900074f8c2f0039ed1f5a6b4d416d69?hhtmFrom=resume_search_result	1
Инженер технической поддержки	https://hh.ru/resume/fa8daf9d0000aca6db0039ed1f736563726574?hhtmFrom=resume_search_result	1
